رقم القاعدة,المصدر,الوجهة,المنفذ,البروتوكول,الإجراء,المالك,سبب موثق,آخر استخدام,القرار
1,أي,خادم الويب,443,TCP,سماح,فريق الويب,نشر الموقع العام,أمس,
2,أي,خادم الويب,80,TCP,سماح,,,قبل 400 يوم,
3,شبكة الموظفين,خادم الملفات,445,TCP,سماح,تقنية المعلومات,مشاركة الملفات,اليوم,
4,أي,أي,3389,TCP,سماح,,,قبل 90 يوماً,
5,مورد الدعم,الخادم القديم,22,TCP,سماح,,,قبل 300 يوم,
6,شبكة الزوار,الشبكة الداخلية,أي,أي,سماح,,,اليوم,
7,خادم النسخ الاحتياطي,التخزين,10000,TCP,سماح,فريق البنية,النسخ الليلي,اليوم,
8,أي,قاعدة البيانات,1433,TCP,سماح,,,قبل 20 يوماً,
9,شبكة الإدارة,المحولات,22,TCP,سماح,فريق الشبكة,إدارة الأجهزة,اليوم,
10,أي,أي,أي,ICMP,سماح,,,اليوم,
11,الطابعات,الإنترنت,أي,أي,سماح,,,قبل 10 أيام,
12,خادم البريد,الإنترنت,25,TCP,سماح,فريق البريد,إرسال البريد الصادر,اليوم,
13,أي,خادم الإدارة,8080,TCP,سماح,,,قبل 600 يوم,
14,شبكة الكاميرات,الشبكة الداخلية,أي,أي,سماح,,,اليوم,
15,الشبكة الداخلية,الإنترنت,أي,أي,سماح,,,اليوم,
16,شبكة التطوير,قاعدة بيانات الإنتاج,1433,TCP,سماح,,,قبل 5 أيام,
17,خادم المراقبة,أي,161,UDP,سماح,فريق الشبكة,الاستعلام عن الأجهزة,اليوم,
18,أي,خادم الملفات,21,TCP,سماح,,,قبل 700 يوم,
19,الشبكة الصناعية,الشبكة الداخلية,أي,أي,سماح,,,اليوم,
20,أي,أي,أي,أي,منع,فريق الأمن,المنع افتراضياً,اليوم,
